{"loss": [1.459509253501892, 0.9559471011161804, 0.8327261805534363, 0.7649129033088684, 0.7213409543037415, 0.6899950504302979, 0.6644321084022522, 0.644404411315918, 0.6273003816604614, 0.6147700548171997, 0.6029810905456543, 0.5907959938049316, 0.5836975574493408, 0.5720687508583069, 0.5679131150245667, 0.5597227215766907, 0.5539470911026001, 0.5480173230171204, 0.5417296290397644, 0.537358820438385, 0.5324480533599854, 0.5282737612724304, 0.5246955752372742, 0.5204851031303406, 0.5178018808364868, 0.513400137424469, 0.5116477608680725, 0.5094510912895203, 0.5055626630783081, 0.5033037066459656, 0.4999142587184906, 0.49952781200408936, 0.49562838673591614, 0.4928603172302246, 0.49168306589126587, 0.49045616388320923, 0.48557746410369873, 0.48437291383743286, 0.4829254746437073, 0.48098236322402954, 0.48215898871421814, 0.47912999987602234, 0.4775216579437256, 0.47572752833366394, 0.47607240080833435, 0.473935067653656, 0.4712749421596527, 0.4711795449256897, 0.4696792960166931, 0.4676153361797333], "accuracy": [0.5819257497787476, 0.7226295471191406, 0.7586449384689331, 0.776477575302124, 0.7887464761734009, 0.7975174784660339, 0.8051610589027405, 0.8100000023841858, 0.8157563209533691, 0.8192856907844543, 0.8220693469047546, 0.8249229788780212, 0.8279867172241211, 0.8302030563354492, 0.8314355611801147, 0.8333438634872437, 0.8354586958885193, 0.8375665545463562, 0.8391351699829102, 0.8405112028121948, 0.8419082760810852, 0.8422688841819763, 0.8432037830352783, 0.8439530730247498, 0.8460049033164978, 0.8460924625396729, 0.8465546369552612, 0.8481127619743347, 0.8481197357177734, 0.8489775657653809, 0.849873960018158, 0.8493837714195251, 0.851316511631012, 0.8517367243766785, 0.8523564338684082, 0.8527485728263855, 0.8528571724891663, 0.8539180755615234, 0.8547654151916504, 0.8547899127006531, 0.8543627262115479, 0.855259120464325, 0.8557177782058716, 0.8560433983802795, 0.8560013771057129, 0.8568452596664429, 0.8571603894233704, 0.8573424220085144, 0.857706606388092, 0.8577206134796143], "top_k_categorical_accuracy": [0.7900069952011108, 0.8890371322631836, 0.9073774218559265, 0.9171708822250366, 0.92280113697052, 0.9270623326301575, 0.9305322170257568, 0.9323774576187134, 0.9350104928016663, 0.9369152784347534, 0.938112735748291, 0.9403221011161804, 0.9400805234909058, 0.9425244927406311, 0.9422339200973511, 0.9436029195785522, 0.943823516368866, 0.9448984861373901, 0.9454656839370728, 0.9463585615158081, 0.947135865688324, 0.9473214149475098, 0.9478641748428345, 0.9480392336845398, 0.9482913017272949, 0.9491211771965027, 0.9494397640228271, 0.9497619271278381, 0.9501470327377319, 0.9502205848693848, 0.950934886932373, 0.9509208798408508, 0.9517157077789307, 0.9516981840133667, 0.9517892003059387, 0.9524719715118408, 0.9528501629829407, 0.9529096484184265, 0.953312337398529, 0.9534313678741455, 0.953329861164093, 0.953550398349762, 0.9539600610733032, 0.9538130164146423, 0.9542157053947449, 0.9539145827293396, 0.9543312191963196, 0.9546183347702026, 0.9541316628456116, 0.9549999833106995], "precision": [0.8042614459991455, 0.8435866236686707, 0.8607233166694641, 0.8685448169708252, 0.8750194907188416, 0.8791966438293457, 0.8836089968681335, 0.8862734436988831, 0.8886921405792236, 0.8911274075508118, 0.8921212553977966, 0.8937116265296936, 0.8954301476478577, 0.8969092965126038, 0.8970043063163757, 0.8974468111991882, 0.8993815779685974, 0.9005963802337646, 0.9012430906295776, 0.9020999073982239, 0.9026245474815369, 0.9029265642166138, 0.9031813740730286, 0.9039648771286011, 0.9049665927886963, 0.9043972492218018, 0.904967188835144, 0.9059125781059265, 0.9061377048492432, 0.9062354564666748, 0.9064719676971436, 0.9065971374511719, 0.90724116563797, 0.907798171043396, 0.9080156683921814, 0.9077177047729492, 0.908267617225647, 0.9089421033859253, 0.9092774987220764, 0.9090520739555359, 0.9088901877403259, 0.909298837184906, 0.909463107585907, 0.9092006087303162, 0.9100393652915955, 0.9102888703346252, 0.9103882312774658, 0.9107035398483276, 0.9111423492431641, 0.9106281399726868], "recall": [0.4279481768608093, 0.6288235187530518, 0.681915283203125, 0.7085574269294739, 0.7265266180038452, 0.7392331957817078, 0.7496568560600281, 0.757636547088623, 0.7643032073974609, 0.7701855897903442, 0.7740651369094849, 0.778333306312561, 0.7816421389579773, 0.7856372594833374, 0.7868417501449585, 0.7902591228485107, 0.7928571701049805, 0.7952240705490112, 0.7978431582450867, 0.7999124526977539, 0.8006652593612671, 0.8026435375213623, 0.8034803867340088, 0.8052346110343933, 0.8071883916854858, 0.8075735569000244, 0.8085609078407288, 0.8099194765090942, 0.810339629650116, 0.8117122054100037, 0.8124159574508667, 0.8129376769065857, 0.8144713044166565, 0.814965009689331, 0.8158438205718994, 0.8153186440467834, 0.8167856931686401, 0.818623960018158, 0.819145679473877, 0.8192226886749268, 0.8187044858932495, 0.81984943151474, 0.8206057548522949, 0.8205917477607727, 0.8212850093841553, 0.8218767642974854, 0.8226645588874817, 0.8225700259208679, 0.8239426016807556, 0.8240196108818054], "val_loss": [0.8365526795387268, 0.7062082886695862, 0.6400806903839111, 0.603858232498169, 0.5802761316299438, 0.5574066638946533, 0.5438927412033081, 0.5301604866981506, 0.5252929329872131, 0.5138848423957825, 0.5095980763435364, 0.5064948797225952, 0.504741370677948, 0.5020431876182556, 0.4960061013698578, 0.49184393882751465, 0.48926082253456116, 0.48843148350715637, 0.48750028014183044, 0.4813143312931061, 0.4837859869003296, 0.4834839403629303, 0.47888463735580444, 0.4837247133255005, 0.4763263761997223, 0.4787537753582001, 0.4743603467941284, 0.474706768989563, 0.47588053345680237, 0.47657185792922974, 0.47539132833480835, 0.47349298000335693, 0.47319531440734863, 0.47258031368255615, 0.47338518500328064, 0.4729057252407074, 0.47227978706359863, 0.4799644351005554, 0.47452786564826965, 0.4711468815803528, 0.47329574823379517, 0.469480037689209, 0.4734964668750763, 0.46790310740470886, 0.4693738520145416, 0.4734119474887848, 0.4766250252723694, 0.46915391087532043, 0.47112929821014404, 0.4689103960990906], "val_accuracy": [0.754033625125885, 0.7952520847320557, 0.8105322122573853, 0.8210784196853638, 0.8299299478530884, 0.8360364437103271, 0.8400139808654785, 0.8415826559066772, 0.8437114953994751, 0.8481232523918152, 0.8490055799484253, 0.8484733700752258, 0.8496918678283691, 0.8514986038208008, 0.8519467711448669, 0.8531232476234436, 0.8549860119819641, 0.8550560474395752, 0.8554341793060303, 0.8572549223899841, 0.8554902076721191, 0.8541316390037537, 0.8578291535377502, 0.8571288585662842, 0.8596778512001038, 0.858949601650238, 0.8587254881858826, 0.8587955236434937, 0.8599720001220703, 0.8586414456367493, 0.8588935732841492, 0.8604902029037476, 0.8601680397987366, 0.8598739504814148, 0.8592717051506042, 0.8607982993125916, 0.8605322241783142, 0.8588655591011047, 0.8597618937492371, 0.8619327545166016, 0.8611764907836914, 0.8609243631362915, 0.861834704875946, 0.8623389601707458, 0.8629271984100342, 0.8613725304603577, 0.8600560426712036, 0.8619047403335571, 0.8615826368331909, 0.8621428608894348],